{
    "result": {
        "car": {
            "e": 0,
            "q": 15.60026,
            "r": {
                "p": [
                    0,
                    0,
                    0,
                    0,
                    0,
                    0,
                    0,
                    0,
                    0,
                    0,
                    0,
                    0,
                    0,
                    0
                ],
                "q": 15.60026,
                "ut": [
                    0,
                    0,
                    0,
                    0,
                    0,
                    0,
                    0,
                    0,
                    0
                ],
                "vu": [
                    1506815054,
                    -1,
                    -1,
                    -1,
                    -1,
                    -1,
                    -1,
                    -751701669,
                    1993508633,
                    0,
                    0
                ],
                "dc": -1,
                "pc": null,
                "tid": null,
                "c": 0,
                "et": 0,
                "eu": [
                    -1,
                    -1,
                    -1,
                    -1,
                    -1,
                    -1,
                    -1,
                    -1,
                    -1
                ],
                "n": "dodge_dart_rt_2013_used"
            }
        },
        "hash": "uhtotallysecure",
        "check": "uhtotallysecure"
    }
  }