{
    "result": {
        "car": {
            "q": 14.06023,
            "r": {
                "c": 0,
                "p": [
                    0,
                    0,
                    0,
                    0,
                    0,
                    0,
                    0,
                    0,
                    0,
                    0,
                    0
                ],
                "eu": [
                    4,
                    4,
                    4,
                    4,
                    4,
                    4,
                    4,
                    4,
                    4
                ],
                "n": "bmw_m3_e30",
                "q": 14.06023,
                "vu": [
                    -1337926381,
                    -1,
                    -1,
                    -1,
                    -1,
                    328084701,
                    -1,
                    666484368,
                    -1765444840
                ],
                "ut": [
                    0,
                    0,
                    0,
                    0,
                    0,
                    0,
                    0,
                    0,
                    0
                ]
            },
            "uid": "1337"
        }
    }
}